role,year,authors,title,venue,forward_chain,doi
ground_truth,1975,Dowling and Pfeffer,Organizational legitimacy: social values and organizational behavior,Pacific Sociological Review,yes,
context,1977,Meyer and Rowan,Institutionalized organizations: formal structure as myth and ceremony,American Journal of Sociology,no,
context,1983,DiMaggio and Powell,The iron cage revisited: institutional isomorphism and collective rationality in organizational fields,American Sociological Review,no,
ground_truth,1990,Ashforth and Gibbs,The double-edge of organizational legitimation,Organization Science,yes,
ground_truth,1994,Aldrich and Fiol,Fools rush in? The institutional context of industry creation,Academy of Management Review,yes,
ground_truth,1995,Suchman,Managing legitimacy: strategic and institutional approaches,Academy of Management Review,yes,
ground_truth,2002,Zimmerman and Zeitz,Beyond survival: achieving new venture growth by building legitimacy,Academy of Management Review,yes,
ground_truth,2005,Deephouse and Carter,An examination of differences between organizational legitimacy and organizational reputation,Journal of Management Studies,yes,
ground_truth,2008,Deephouse and Suchman,Legitimacy in organizational institutionalism,The SAGE Handbook of Organizational Institutionalism,yes,
ground_truth,2011,Bitektine,Toward a theory of social judgments of organizations: the case of legitimacy reputation and status,Academy of Management Review,yes,
ground_truth,2011,Tost,An integrative model of legitimacy judgments,Academy of Management Review,yes,
ground_truth,2015,Bitektine and Haack,The macro and the micro of legitimacy: toward a multilevel theory of the legitimacy process,Academy of Management Review,yes,10.5465/amr.2013.0318
ground_truth,2017,Suddaby Bitektine and Haack,Legitimacy,Academy of Management Annals,yes,10.5465/annals.2015.0101
ground_truth,2017,Deephouse Bundy Tost and Suchman,Organizational legitimacy: six key questions,The SAGE Handbook of Organizational Institutionalism,yes,
